{
    "min": -0.18655886098276075,
    "max": 0.05131618009422134
}