{
    "min": 0.027008325519812915,
    "max": 0.30629310797093023
}