,Protein,Incubation,Separation,Proteomic,Research purpose
Nanomaterials,-0.009737682069313247,-0.07190428715730046,-0.024755225796808222,-0.18655886098276075,-0.0578052106905943
Protein,,-0.020249139855065823,0.04168054794070308,-0.020688104542129326,0.05131618009422134
Incubation,,,-0.002544898379974736,-0.06596925241601959,0.013586559715423885
Separation,,,,-0.048098950710372734,0.012474970547385555
Proteomic,,,,,-0.047009659509697155
