{
    "AUROC": 0.9657138665411936,
    "AUPRC": 0.9522416685060378,
    "F1": 0.8706214500252847,
    "ACC": 0.8965004433775516
}