Feature,F1 diff fill
Nanomaterials,0.2640582278487842
Proteomic,0.2287937411049068
Research purpose,0.09737169559792114
Incubation,0.06469307125022639
Separation,0.05731341604548712
Protein,0.046893025533969235
