,Nanomaterials,Protein,Incubation,Separation,Proteomic,Research purpose
Nanomaterials,,0.5694078787118445,0.6137744380835746,0.5740050319278216,0.5643283420543544,0.5669967372691737
Protein,,,0.7792844930961549,0.7247344605051252,0.615622787928538,0.675040548799173
Incubation,,,,0.7511598611095459,0.6431038900861711,0.6949701234617133
Separation,,,,,0.6326132435852635,0.7034613678344909
Proteomic,,,,,,0.5914656728321539
Research purpose,,,,,,
